Code,Name,Repname,Limit,Phone,Credit
GH 10097,EMILIOFRIMPS ENT (ABOSSEY OKAI),BENY,10543,0240442958,0
GH10029,WOFA AUTO SPARES(ABOSSEY OKAI),BENY,10543,0242127234,0
GH10036,VERIFIED BROTHERS MOTORS (ABOSSEY OKAI),PRINCE,10882,0555882899,0
GH10076,MISS K VENTURES (KPONE),BENY,10543,0550987201,0
GH10106,KWAKU-AKUA,LINDA,11033,0244958561,200000
GH10109,DOUBLE ROAD FATHER BATTERY (ABOSSEY OKAI),BOATEMAA ABIGAIL,10989,0540923034,200000
GH10110,BOAKOMEA MOTORS (ABOSSEY OKAI),LINDA,11029,0277110792,500000
GH10111,LESLIE AUTOMOBILE (ABOSSEY OKAI),BOATEMAA ABIGAIL,10989,0553743401,0
GH10112,BATURE ENTERPRISE (ABOSSEY OKAI),BOATEMAA ABIGAIL,10989,0244810204,500000
GH10113,ASEDA HOUSE MOTORS BATTERY (ABOSSEY OKAI),BENY,10543,0277800700,0
GH10114,AB ACHEMPIO MOTORS (ABOSSEY OKAI),BOATEMAA ABIGAIL,10989,0246435161,200000
GH10115,EMA PA MOTORS (ABOSSEY OKAI),PRINCE,10882,0554567626,0
GH10116,AYENSU AUTO PARTS (ABOSSEY OKAI),AMOAH HILDA,11006,0243108937,190000
GH10117,CHAIRMAN BASE AUTO PARTS (ABOSSEY OKAI),BOATEMAA ABIGAIL,10989,0242981711,120000
GH10118,KERRYVENT VENTURES (ABOSSEY OKAI),BOATEMAA ABIGAIL,10989,0244562186,0
GH10119,BIG FRIENDS MOTORS (ABOSSEY OKAI),BOATEMAA ABIGAIL,10989,0244060832,120000
GH10120,XIANO AUTO PARTS (ABOSSEY OKAI),BOATEMAA ABIGAIL,10989,0243906665,100000
GH10121,ANAMBON JOSEPH MOTORS (ABOSSEY OKAI),BENY,10543,0244579763,0
GH10122,FORDAM ENTERPRISES LTD (ABOSSEY OKAI),BOATEMAA ABIGAIL,10989,0242557991,0
GH10123,OFORI BA OFORI MOTORS (ABOSSEY OKAI),BOATEMAA ABIGAIL,10989,0244951119,45000
GH10124,REPLACEMENT AUTO PARTS (ABOSSEY OKAI),LINDA,11029,0244153193,300000
GH10125,PASM 91 MOTORS (ABOSSEY OKAI),AMOAH HILDA,11006,0243807224,0
GH10126,CHINAGO TRD (BATTERY)(ABOSSEY OKAI,BENY,10543,0548885959,0
GH10127,DOUBLE ROAD ERIC BATTERY (ABOSSEY OKAI),PRINCE,10882,0246586038,20000
GH10128,K&K ADOM MOTORS BATTERY (ABOSSEY OKAI),LINDA,11029,0244699634,0
GH10129,FADACO MOTORS (ABOSSEY OKAI),PRINCE,10882,0244737127,0
GH10130,CASE DIE MOTORS (ABOSSEY OKAI),BENY,10543,0244426483,0
GH10131,MAKENZY VENTURES(ABOSSEY OKAI),AMOAH HILDA,11006,0264731017,0
GH10132,FAMASCO ENT (ABOSSEY OKAI),BENY,10543,0243163047,20000
GH10133,RELIA GUARD AUTO PARTS (ABOSSEY OKAI),BENY,10543,0262798989,0
GH10134,OHENEBA SIDOUG (ABOSSEY OKAI),BENY,10543,0275238775,70000
GH10135,PATELA MOTORS (ABOSSEY OKAI),BENY,10543,0246929927,100000
GH10136,SANODA VENTURES ENT (ABOSSEY OKAI),BENY,10543,0244682730,150000
GH10137,KWESAPP VENTURES (ABOSSEY OKAI),AMOAH HILDA,11006,0264267222,0
GH10138,ABOVE ALL AUTO PARTS (ABOSSEY OKAI),AMOAH HILDA,11006,0243488432,20000
GH10139,ZAKMUS BATTERY (ABOSSEY OKAI),LINDA,11029,0208285644,0
GH10140,JONYARK MOTORS (ABOSSEY OKAI),PRINCE,10882,0244279265,0
GH10142,LOVERS AND BEST FRIENDS ENT (ABOSSEY OKAI),BENY,10543,0266683230,0
GH10143,SAFANT ENTERPRISE (ABOSSEY OKAI),BENY,10543,0208131269,0
GH10144,FRANBETO ENT (ABOSSEY OKAI),LINDA,11033,0244929709,70000
GH10145,KWAKU SAAH MOTORS (ABOSSEY OKAI),BENY,10543,0243235688,120000
GH10146,FRANSASCO ROYAL VENTURES (ABOSSEY OKAI),LINDA,11029,0244715812,0
GH10147,QUALIPARTS ENTERPRISE (ABOSSEY OKAI),PRINCE,10882,0267039761,50000
GH10148,DACOSTA B.FRIENDS MOTORS (ABOSSEY OKAI),PRINCE,10882,0246685999,0
GH10149,P.GEO.AUTO PARTS & TRADING (ABOSSEY OKAI),PRINCE,10882,0543897419,0
GH10150,BEGORO AUTO PARTS (ABOSSEY OKAI),BENY,10543,0244502006,400000
GH10151,CHEAP SIDE MOTORS(ABOSSEY OKAI),LINDA,11029,0243435012,0
GH10152,AXBARNES ENT (ABOSSEY OKAI),AMOAH HILDA,11006,0277600500,0
GH10153,MERCOM AUTO PARTS (ABOSSEY OKAI),LINDA,11029,0247763492,50000
GH10154,ENINSON (ABOSSEY OKAI),BENY,10543,0243976859,0
GH10155,K.BOADU AUTO MOBILE SPARE PARTS (ABOSSEY OKAI),BENY,10543,0271613369,100000
GH10156,EYE ADOM MOTORS (ABOSSEY OKAI),AMOAH HILDA,11006,0242361133,20000
GH10157,ENO MOTORS (ABOSSEY OKAI),BENY,10543,0244133080,0
GH10158,ALEX ENTERPRISE (ABOSSEY OKAI),AMOAH HILDA,11006,0244499792,20000
GH10159,FREE LANCER RICH TRADING LIMITED (ABOSSEY OKAI),BENY,10543,0266248913,0
GH10160,JOEKENSA ENT (ABOSSEY OKAI),BENY,10543,0242229846,0
GH10161,FA AUTOMOBILE COM (ABOSSEY OKAI),LINDA,11029,0244880158,0
GH10162,PADDY MOTORS (ABOSSEY OKAI),BENY,10543,0201901556,0
GH10163,LADY ROSEMARY ENTERPRISE (ABOSSEY OKAI),PRINCE,10882,0244258997,0
GH10164,OBIRISCO MOTORS (ABOSSEY OKAI),LINDA,11029,0243577729,0
GH10165,OLD MAN MOTORS (ABOSSEY OKAI),LINDA,11029,0276310647,0
GH10166,CAR BATTERIES AND AUTO ACESSORIES (ABOSSEY OKAI),BENY,10543,0208132857,0
GH10167,PHILIP PPAK MOTORS (ABOSSEY OKAI),LINDA,11029,0302688780,0
GH10168,NABO MOTORS (ABOSSEY OKAI),BENY,10543,0243361730,0
GH10169,APINDE ENT (ABOSSEY OKAI),BENY,10543,0244678752,0
GH10170,KORLE BU ROAD BATTERY (ABOSSEY OKAI),PRINCE,10882,0244093089,0
GH10171,YELLOW MAN ENT (ABOSSEY OKAI),PRINCE,10882,0244263465,0
GH10172,SHOCK HOUSE (ABOSSEY OKAI),BENY,10543,0208112695,0
GH10173,HANNANUELLA RADIATOR (ABOSSEY OKAI),AMOAH HILDA,11006,0244261586,0
GH10175,ONE K.MOTORS (ABOSSEY OKAI),LINDA,11029,0245256372,0
GH10176,KAMFO YEHOWA(ABOSSEY OKAI),LINDA,11029,0244570188,0
GH10177,ASOMDWEE ENT BATTERY (ABOSSEY OKAI),BENY,10543,0208184392,0
GH10178,DOE MOTORS (ABOSSEY OKAI),BENY,10543,0244651079,30000
GH10179,ONE ANOINTING VENTURES BATTERY (ABOSSEY OKAI),BENY,10543,0243854708,0
GH10180,SHAMOO ENT (ABOSSEY OKAI),AMOAH HILDA,11006,0242255264,0
GH10181,BOAKING MOTORS (ABOSSEY OKAI),BENY,10543,0244614456,0
GH10182,ASSAI PRESTIGE VENTURES (ABOSSEY OKAI),BENY,10543,0242921364,0
GH10183,FT MOTORS (ABOSSEY OKAI),BENY,10543,0277491688,0
GH10184,AMSCO MOTORS (ABOSSEY OKAI),BENY,10543,0552834354,30000
GH10185,KWAGYEMANG ENT (ABOSSEY OKAI),BENY,10543,0264555542,0
GH10186,MARO PARTS (ABOSSEY OKAI),AMOAH HILDA,11006,0244279100,0
GH10187,NEW MAN (ABOSSEY OKAI),BENY,10543,0267646429,0
GH10188,CALL OUT ENT (ABOSSEY OKAI),AMOAH HILDA,11006,0243387986,0
GH10189,KINGDOM AUTOPARTS (ABOSSEY OKAI),AMOAH HILDA,11006,0244686163,0
GH10190,FIRST ADVENTURE ENT(ABOSSEY OKAI),BENY,10543,0543901205,0
GH10191,HAYFORD MOTORS (ABOSSEY OKAI),BENY,10543,0243282644,20000
GH10192,DAVID TETTEH BATTERY(ABOSSEY OKAI),PRINCE,10882,0545655612,0
GH10193,OSOPRINCE ENT (ABOSSEY OKAI),BENY,10543,0244247731,0
GH10194,ABOSSEY OKAI FRANK,BENY,10543,0240249031,0
GH10195,ASHKOF ENT (ABOSSEY OKAI),AMOAH HILDA,11006,0244219545,0
GH10196,OFIE MOTORS (ABOSSEY OKAI),PRINCE,10882,0244372655,0
GH10197,NAGEE AUTO PARTS,BENY,10543,0262232934,0
GH10198,SPECIAL ORDER FOR PAUL,BENY,10543,0244220277,0
GH10199,KEN ADOM ENTERPRISE (ABOSSEY OKAI),PRINCE,10882,0277392195,0
GH10200,ASK MOTORS (ABOSSEY OKAI),BOATEMAA ABIGAIL,10989,0243303474,0
GH10201,YONGA CLASSIC VENTURES (ABOSSEY OKAI),PRINCE,10882,0265040020,0
GH10202,AKAPELLA MOTORS (ABOSSEY OKAI),BENY,10543,0244219972,0
GH10203,CABOAT AGENCY (ABOSSEY OKAI),PRINCE,10882,0544157995,0
GH10204,MENSAFRIK ENT (ABOSSEY OKAI),AMOAH HILDA,11006,0209306885,0
GH10205,OBAA YAA ENTERPRISE (ABOSSEY OKAI),PRINCE,10882,0244470992,0
GH10206,MACVERON ENTERPRISE (ABOSSEY OKAI),PRINCE,10882,0246366311,0
GH10207,GOD TIME (ABOSSEY OKAI),AMOAH HILDA,11006,0244187087,0
GH10208,ANCHA AUTO AND TRAINING ENTERPRISE,LINDA,11029,0275371629,0
GH10209,ABOSSEY NANA YAW,BENY,10543,0276150005,0
GH10210,ALL FOR ONE ENT (ABOSSEY OKAI),BENY,10543,0244639190,0
GH10211,BLUE ARROW AUTO (ABOSSEY OKAI),AMOAH HILDA,11006,0262798989,0
GH10212,BIZZACO CAR QUEST (ABOSSEY OKAI),BENY,10543,0244953735,0
GH10213,ISAAC OFORI BOATING (ABOSSEY OKAI),BENY,10543,0244363307,0
GH10214,TONY°ØS ENGINE MOUNTINGS,BENY,10543,0277842269,0
GH10215,LESLIE NANA OSEI SUSPENSION PARTS,BENY,10543,0553743401,0
GH10216,J AND T VENTURES(ABOSSEY OKAI),BENY,10543,0200280940,0
GH10217,NANA BEDII DE MOTORS (ABOSSEY OKAI),BENY,10543,0248138072,0
GH10218,LIVING BROTHER MOTORS (ABOSSEY OKAI),BENY,10543,0244935929,0
GH10219,THESSFORI AUTO PARTS (ABOSSEY OKAI),BENY,10543,0246524779,0
GH10220,DER-RIKO AUTO PARTS (ABOSSEY OKAI),BENY,10543,0244746757,0
GH10221,OBOFOO MOTORS (ABOSSEY OKAI),BENY,10543,0244743617,0
GH10222,THROTTLE SENSOR ERNEST KISSI VENTURES(ABOSSEY OKAI),BENY,10543,0544941520,0
GH10223,MALAKHY MOTORCYCLE(ABOSSEY OKAI),BENY,10543,0555436616,0
GH10224,ZONGO GASGE (ABOSSEY OKAI),BENY,10543,0543933984,0
GH10225,GK OPPONG MOTORS (ABOSSEY OKAI),BENY,10543,0244321280,0
GH10226,SETHADOS ENTERPRISES (ABOSSEY OKAI),PRINCE,10882,0243875553,0
GH10227,BETTER MOTORS (ABOSSEY OKAI),BOATEMAA ABIGAIL,10989,0242682844,0
GH10228,FAMASCO SPECIAL ORDER(ABOSSEY OKAI),BENY,10543,0553962081,0
GH10229,PAULATO ENT (ABOSSEY OKAI),BENY,10543,0244220276,0
GH10230,AWAL MOHEMMED MOTORS (ABOSSEY OKAI),BENY,10543,0208223830,0
GH10232,ADUANA MOTORS (ABOSSEY OKAI),BENY,10543,0207466501,0
GH10235,PAAKWESI MOTORS (ABOSSEY AKAI),BENY,10543,0244080541,20000
GH10236,ABOO BELT (ABOSSEY OKAI),BENY,10543,0268714080,0
GH10237,KOSADA MOTORS (ABOSSEY OKAI),BENY,10543,0244119549,0
GH10239,BETHEL AUTO PARTS (ABOSSEY),BENY,10543,0243561085,0
GH10242,YOUNG AUTO MOBILE PARTS (ABOSSEY OKAI),BENY,10543,0244235113,0
GH10243,QUAD(ABOSSEY OKAI),PRINCE,10882,0202963354,0
GH10245,AGENDA MOTORS(ABOSSEY OKAI),BENY,10543,0244772135,0
GH10246,TK.TECH MOTORS (ABOSSEY OKAI),PRINCE,10882,0243643607,0
GH10248,CASH SALES (ABOSSEY OKAI),PRINCE,10882,0542960041,0
GH10255,NICE MOTORS (ABOSSEY OKAI),BENY,10543,,0
GH10256,RK ASAM(ABOSSEY OKAI),PRINCE,10882,,0
GH10263,GKWABED ENTERPRISE,BENY,10543,,0
GH10265,JULICAP BATTERY(ABOSSEY OKAI),PRINCE,10882,,0
GH10266,TWUM BARIMA ENT(ABOSSEY OKAI),BENY,10543,0247059566,0
GH10267,NANA KANKAM MOTORS (ABOSSEY OKAI),BENY,10543,,0
GH10269,LIFE MUST GONE(ABOSSEY OKAI),PRINCE,10882,,0
GH10270,SAFORO ENT(ABOSSERY OKAI),BENY,10543,,0
GH10271,BEKOE COMMERCIL(ABOSSEY OKAI),AMOAH HILDA,11006,0200927684,0
GH10275,TAYLOR MOTORS(TAYLOR),BENY,10543,0244623032,0
GH10276,OMARISCO AUTO PARTS(ABOSSEY OKAI),AMOAH HILDA,11006,0242349734,20000
GH10279,S.T.TUFFOUR BATTERY (ABOSSEY OKAI),PRINCE,10882,,0
GH10281,JONY (ABOSSERY OKAI),PRINCE,10882,,0
GH10282,SISTER ESTHER OKONKO (ABOSSEY OKAI),BENY,10543,,0
GH10284,AMERICANO GASKET(ABOSSEY OKAI),PRINCE,10882,,0
GH102874,JOEL SOMAS(ABOSSEY OKAI),PRINCE,10882,0247299159,0
GH10288,GODS BEST SOLUTION(ABOSSEY OKAI),PRINCE,10882,,0
GH10289,ISAAC OFORI BOATING (ABOSSEY OKAI),BENY,10543,,0
GH10294,J AGYARE VENTURES(ABOSSEY OKAI),PRINCE,10882,,0
GH10295,M MOTORS(ABOSSEY OKAI),BENY,10543,,0
GH10296,POSITIVE MIND(ABOSSEY OKAI),BENY,10543,0548132422,0
GH10297,NANDAVE MOTORS (ABOSSEY OKAI),PRINCE,10882,0277499977,0
GH10298,THE LOGOS ENTERPRISE (ABOSSEY OKAI),PRINCE,10882,0277499977,0
GH10299,ADAMS BELT HOUSE(ABOSSEY OKAI),LINDA,11029,0243116588,0
GH10305,TEACHER(ABOSSEY OKAI),BENY,10543,,0
GH10307,YEBOAH RADIATOR (ABOSSEY OKAI),BENY,10543,,100000
GH10309,ATINGA(ABOSSEY OKAI),BENY,10543,0244065847,0
GH10311,PACTUM(ABOSSEY OKAI),AMOAH HILDA,11006,,0
GH10312,GYAMFI AUTO PARTS(ABOSSEY OKAI),AMOAH HILDA,11006,,0
GH10313,ANTWI ENTERPRISE(ABOSSEY OKAI),BENY,10543,0598253071,0
GH10314,JONNEY MOTORS(ABOSSEY OKAI),BENY,10543,,0
GH10316,YAWEH NE NOKOFO(ABOSSEY OKAI),BENY,10543,0555236465,0
GH10318,ACHISCO(ABOSSEY OKAI),PRINCE,10882,,0
GH10319,JOKOT ENTERPRISE(ABOSSEY OKAI),PRINCE,10882,,0
GH10320,JOSEPH BOAKYE(ABOSSEY OKAI),PRINCE,10882,,0
GH10323,KAYBENZ AUTO PARTS(ABOSSEY OKAI),PRINCE,10882,,0
GH10324,AZIZCO(ABOSSEY OKAI),PRINCE,10882,0245032926,0
GH10326,GOD HAS SEEN(ABOSSEY OKAI),PRINCE,10882,0243496552,0
GH10328,YEBFORD RADIATOR(ABOSSEY OKAI),BENY,10543,0541838381,360000
GH10329,WATECO(ABOSSEY OKAI),PRINCE,10882,0277690627,0
GH10345,KOFOO MOTORS,AMOAH HILDA,11006,0027376990,80000
GH10346,ANTWI ENT(ABOSSEY OKAI),BENY,10543,0207999084,0
GH1035,BK(ABOSSEY OKAI),BENY,10543,0277585692,0
GH10350,LORD OF MERCY(ABOSSEY OKAI),BENY,10543,,0
GH10351,PAZASH(ABOSSEY OKAI),BENY,10543,,0
GH10352,FRANK BOTWE(ABOSSEY OKAI),BENY,10543,,0
GH10353,SKWAME AUTO PARTS(ABOSSEY OKAI),LINDA,11029,,0
GH10354,GABOO MOTORS(ABOSSEY OKAI),PRINCE,10882,,0
GH10356,QUANSAH AUTO PARTS (ABOSSEY OKAI),LINDA,11029,0243134532,0
GH10368,ENINFUL MOTORS(ABOSSEY OKAI),BENY,10543,0243083157,80000
GH10378,FRANK INKOOM(ABOSSEY OKAI),PRINCE,10882,0244624384,0
GH10386,OBOATIFI AUTO PARTS(ABOSSEY OKAI),LINDA,11029,0244261821,0
GH10388,FEELING AUTO PARTS (ABOSSEY OKAI),PRINCE,10882,0548785845,0
GH10389,FATIHULHI ENT (ABOSSEY),PRINCE,10882,0244125045,0
GH10393,KWAKYE-BO ENTERPRISE (ABOSSEY OKAI),BENY,10543,0208623135,0
GH10394,DIO ENTERPRICE (ABOSSEY OKAI),BENY,10543,2444271774,0
GH10396,KOFI LINKS MOTORS,BENY,10543,0242125882,0
GH10402,SAMMY ENT(ABOSSEY OKAI),BENY,10543,0244737695,0
GH10406,BLISS AUTO PARTS (ABOSSEY OKAI),BENY,10543,0246927533,0
GH10411,FAB MOTORR(ABOSSEY OKAI),PRINCE,10882,0243482407,0
GH10413,DESTINY ENT (ABOSSEY OKAI),BENY,10543,0247517231,0
GH10414,VALUE OF GRACE,BENY,10543,0243449898,0
GH10415,BLESSMAN (ABOSSEY OKAI),PRINCE,10882,0241891383,0
GH10416,SAFE JOURNEY MOTORS,BENY,10543,0208958102,0
GH10419,TETTEH ISAAC(ABOSSEY OKAI),PRINCE,10882,0552230883,0
GH10423,DIVINE THOMAS (ABOSSEY OKAI),AMOAH HILDA,11006,0249656590,0
GH10427,TWO BROTHERS (ABOSSEY),PRINCE,10882,0241801137,0
GH10430,AMANKWAA MOTORS(ABOSSEY OKAI),PRINCE,10882,0541794997,0
GH10432,ABIGAIL LAS AUTO PARTS(ABOSSEY OKAI),PRINCE,10882,0244053155,0
GH10435,GENUINE MOTORS(ABOSSEY OKAI),BENY,10543,0240469821,0
GH10438,ANINAGYES VENTURE (ABOSSEY OKAI),PRINCE,10882,,0
GH10439,FRUITFUL BLESSING (ABOSSEY),PRINCE,10882,,0
GH10451,RESH ENTERPRISE (ABOSSEY OKAI),PRINCE,10882,,0
GH10453,HALMENS ENT (ABOSSEY OKAI),PRINCE,10882,0271515827,0
GH10457,DIESEL MOTORS(ABOSSEY OKAI),LINDA,11029,0245120498,0
GH10465,JUST COME (ABOSSEY),LINDA,11029,0244113790,0
GH10466,ANA CHRIST(ABOSSEY OKAI),AMOAH HILDA,11006,0244986864,0
GH10467,JAY SCANTY(ABOSSEY OKAI),PRINCE,10882,0240478085,0
GH10479,MAYUS AUTO ENT(UPPER WEST REGION WA),BENY,10543,0244071959,0
GH10496,FELIMENS AUTO PARTS(ABOSSEY OKAI),PRINCE,10882,0240984305,0
GH10501,BLESSED DESTINY MOTORS,BENY,10543,0553816192,0
GH10510,GLOBAL HONDA HOUSE(ABOSSEY OKAI),AMOAH HILDA,11006,0540464007,0
GH10515,ABKAKWA MOTOR(ABOSSEY OKAI),BENY,10543,0244685116,0
GH10522,KORAMAUD AUTO PARTS(LAMP),BOATEMAA ABIGAIL,10989,0245380855,0
GH10524,SHALOM ENT£®ABOSSEY OKAI),PRINCE,10882,0244169103,0
GH10560,FOSEI OWUSU ENT (ABOSSEY),LINDA,11029,0243994302,0
GH10576,F.K ANING(ABOSSEY OKAI),PRINCE,10882,0503959803,0
GH10582,UNIQUE AUTO PARTS(ABOSSEY OKAI),PRINCE,10882,0242587651,0
GH10584,FRANK AGYEMANG(ABOSSEY OKAI),PRINCE,10882,0243578070,0
GH10586,ROYAL JAMESBOA(ABOSSEY OAKI),PRINCE,10882,0240952819,0
GH10587,BISMARK ENTERPRISE(ABOSSEY OKAI),BENY,10543,0248834144,0
GH10592,OMARI BATTERY(ABOSSEY OKAI),PRINCE,10882,0246304741,0
GH10593,BIG 40 ENT(ABOSSEY OKAI),LINDA,11029,0244369387,20000
GH10598,BENWUS VENTURE(ABOSSEY OKAI),PRINCE,10882,0245211132,0
GH10612,BEN AUTO PARTS(ABOSSEY OKAI),AMOAH HILDA,11006,0249611006,0
GH10614,MERCHANT PRIZE ENTERPRISE£®RUN ABOUT£©,BENY,10543,0243073955,0
GH10619,NANA KYEI MOTOR(ABOSSEY OKAI),BENY,10543,0243876491,0
GH10638,GOD WIN(ABOSSEY OKAI),PRINCE,10882,0543915335,0
GH10649,ASSAI PESTIGE(RADIATOR),BENY,10543,0242921364,0
GH10674,IKE DAN ENT(ABOSSEY OKAI),AMOAH HILDA,11006,0540304907,0
GH10678,ABSOL WELDING ELE(ABLEKUMA),PRINCE,10882,,0
GH10698,AKOS(GAS STOVE),BENY,10543,0242984057,0
GH10699,JONNEY MOTORS(ABOSSEY OKAI),BENY,10543,0544704195,0
GH10700,PRIN DUBONK(ABOSSERY OKAI),AMOAH HILDA,11006,0244099958,0
GH10711,PAAMENS(ABOSSEY OKAI),PRINCE,10882,0241355926,0
GH10712,KESSB SUNANY PARTS,BENY,10543,0246665575,0
GH10731,H-K ASAMOAH(ABOSSEY OKAI),PRINCE,10882,0277425540,0
GH10743,ALTEK COMPANY (ABOSSEY OKAI),PRINCE,10882,0249219912,0
GH10747,THE SEED AUTO (ABOSERY OKAI),PRINCE,10882,0244181400,0
GH10766,KWAME SABAAH(ABOSSEY OKAI),AMOAH HILDA,11006,0556747845,0
GH10789,FARKEY ENTERPRISE(ABOSSEY OKAI),PRINCE,10882,0244044312,0
GH10792,DAN.K YEBOAH(ABOSSEY OKAI),LINDA,11029,0243267323,30000
GH10799,JLARBI ABOSSEY OKAI,BENY,10543,0248985913,0
GH10801,PEREZ MOTORS(ABOSSEY OKAI),PRINCE,10882,0555220171,0
GH10802,ASANYARK ENTERPRISE(ABOSSEY OKAI),PRINCE,10882,0244959371,0
GH10809,STEVEN ADOFO(ABOSSEY OKAI£©,PRINCE,10882,0546121874,0
GH10811,LALAS MOTORS(ABOSSEY OKAI),BOATEMAA ABIGAIL,10989,0243429756,200000
GH10820,PARDON ME SPARE PART(ABOSSEY OKAI),PRINCE,10882,0552129887,0
GH10864,SERWAA RADIATOR(ABOSSEY OKAI),LINDA,11029,0244673319,0
GH10865,BE WISE ENTERPRISE(ABOSSEY OKAI),PRINCE,10882,0594628869,0
GH10875,GAGBA MOTORS(ABOSSEY OKAI),PRINCE,10882,0548084418,0
GH10878,SAMGRACE BATTERY(ABOSSEY OKAI),PRINCE,10882,0270201755,0
GH10879,MOHIB ENTERPRISE(ABOSSEY OKAI),PRINCE,10882,0548992253,0
GH10889,ESTAMORI(ABOSSEY OKAI),PRINCE,10882,0244711707,0
GH10892,CEDOMAX£®ABOSSEY OKAI£©,PRINCE,10882,0548686558,0
GH10893,GH10893,PRINCE,10882,5213418004,0
GH10895,K.BAFFOE(ABOSSEY OKAI),PRINCE,10882,0242646344,0
GH10896,KOFI CLASS MOTORS(ABOSSEY OKAI),LINDA,11029,0543418004,0
GH10901,AWARZY BATTERY (ABOSSEY OKAI),BENY,10543,0558625621,0
GH10902,REAGAN BELTS (ABOSSEY OKAI),PRINCE,10882,0247709903,0
GH10912,ABRAHAMIC MOTOR(ABOSSEY OKAI),BENY,10543,0545051557,0
GH10913,K.BOADU SPECIAL ORDER,BENY,10543,,0
GH10915,JUNIOR FAN BELT(ABOSSEY OKAI),LINDA,11029,0244483436,0
GH10921,XIANO SHOCK ABSORBER(ABOSSEY OKAI),BENY,10543,0243906665,0
GH10922,OLUMAN(ABOSSEY OKAI),BENY,10543,0275327286,0
GH10928,RICHMOUND GAS(FIRST LIGHT),BENY,10543,0244922933,0
GH10929,PHISHERS ENTERPRISE(ABOSSEY OKAI),BOATEMAA ABIGAIL,10989,0245511506,150000
GH10938,K.WIEFE MOTORS(ABOSSEY OKAI),PRINCE,10882,0264233000,0
GH10943,BENJAMIN (ABOSSEY OKAI),BENY,10543,0243989572,0
GH10966,MINTA ADUANA(ABOSSEY OKAI),PRINCE,10882,0244785526,0
GH10970,SAFETY MOTOR (PAMPRO),LINDA,11029,0242379927,0
GH109867,PHIFRIDAT ENT(ABOSSERY OKAI),LINDA,11029,0244616334,0
GH10987,SOLLAR ENT(ABSOEEY OKAI),BENY,10543,0246635166,0
GH10997,ABRAHIM MAHAMA ABOSEY OKAI,PRINCE,10882,0261878320,0
GH10999,ELIK MOTORS (ABOSSY OKAI),BENY,10543,0248457747,0
GH11052,C.DEDE MOTORS(ABOSSEY OKAI),PRINCE,10882,0277190651,0
GH11235,BETTER HALF VENTURES(ABOSSEY OKAI),PRINCE,10882,0263709777,0
GH11241,DANIEL(ABOSSEY OKAI),BENY,10543,0543881165,0
GH11259,FAMOUS VENTURES(ABOSSEY OKAI),PRINCE,10882,0244451970,0
GH11412,KOBIZ ENT(ABOSSEY OKAI),PRINCE,10882,0555351555,0
GH11421,DERAMA ENT(ABOSSEY OKAI),PRINCE,10882,0208137703,0
GH11451,FEAR NOT(ABOSSEY OKAI),PRINCE,10882,0249568337,0
GH11456,MANDELA (ABOSSEY OKAI),PRINCE,10882,0238590402,0
GH11508,SECOND FLOOR AUTO(ABOSSEY OKAI),PRINCE,10882,0559591434,0
GH11512,K.YEBOAH(ABOSSEY OKAI),PRINCE,10882,0276763522,0
GH11521,ABLAKWA AUTO PARTS(ABBOSEY OKAI),LINDA,11029,0244685116,0
GH11531,SUPERB MOTORS(ABOSSEY OKAI),PRINCE,10882,0200107541,0
GH11578,J.P.MOTORS(ABOSSEY OKAI),PRINCE,10882,0558848640,0
GH11591,BENJUL(ABOSSEY OKAI),PRINCE,10882,0246709134,0
GH11721,OFSAS VENTURES(ABOSSEY OKAI),PRINCE,10882,0244613201,0
GH11892,BODOYD SERVICES(ABOSSEY OKAI),PRINCE,10882,0552529549,0
GH11901,JUFEL AUTO(ABOSSEY OKAI),BOATEMAA ABIGAIL,10989,0244107447,0
GH11903,PAUL GEES MOTORS(ABOSSEY OKAI),AMOAH HILDA,11006,0249898107,20000
GH11905,JOSEPH NYANKO(ABOSSEY OKAI),AMOAH HILDA,11006,0540227238,0
GH11941,ZUSARI LTD(ABOSSEY OKAI),PRINCE,10882,0277809092,0
GH11951,HWE NEA AWURADE(ABOSSEY OKAI),PRINCE,10882,0249957801,0
GH11952,SP MOTORS(ABOSSEY OKAI),BENY,10543,0555488586,0
GH11959,GREAT CHAIRMAN(ABOSSEY OKAI),PRINCE,10882,0247578174,0
GH11988,EDDY'S MOTORS(ABOSSEY OKAI),BENY,10543,0248820058,0
GH11999,EMILIOFRIMPS ENT (ABOSSEY OKAI),PRINCE,10882,,0
GH123543,GEORGE BOATENG(E/RKUKURANTMI),LINDA,11029,2465812434,0
GH12431,FK ANING ENT(ABOSSEY OKAI),PRINCE,10882,0503959803,0
GH12855,TINO MOTORS (ABOSSERY OKAI),BENY,10543,,0
GH13425,KEEP YOUR CAR FIT(ABOSSEY OKAI),PRINCE,10882,,0
GH16542,JACK MOTORS(ABOSSERY OKAI),AMOAH HILDA,11006,0547486323,0
GH17568,NEW BLESSED STEPS (ABOSSERY OKAI),PRINCE,10882,0244025728,0
GH21231,ELDER AUTO PARTS(ABSOEEY OKAI),BENY,10543,0542369356,0
GH21311,MAMUDU ENT(ABSOEEY OKAI),PRINCE,10882,0243475539,0
GH21312,EK SARFO MOTORS(ABSOEEY OKAI),PRINCE,10882,0244134058,0
GH21313,TAMINI(KASOA),BENY,10543,0024321970,0
GH23131,F.EAST AUTO PARTS,BENY,10543,0245391484,0
GH23210,BERIMA MOTORS(ABOSSEY OKAI),PRINCE,10882,0240981744,0
GH23249,KING PRINCE ENT(ABBOSEY OKAI),BENY,10543,0249647508,0
GH30310,SWEET MOTHER(ABOSSEY OKAI),PRINCE,10882,,0
GH31321,WAY SHOWER(ABSOEEY OKAI),BENY,10543,0244616429,0
GH32131,RICHIE MOTORS(ABSOEEY OKAI),LINDA,11029,0502257197,0
GH32215,A.M SANASH AUTO VENTURES,BENY,10543,0243364190,0
GH41234,FA FAB ENT(ABSOEEY OKAI),PRINCE,10882,0243482407,0
GH42132,PATRICK MENSAH(ABSOEEY OKAI),PRINCE,10882,0555077154,0
GH51259,KASAPAYE ENT(ABOSEEY OKAI),AMOAH HILDA,11006,0242306080,0
GH51290,GOD FIRST(ABOSSEY OKAI),BENY,10543,0545306515,0
GH51298,ERIC HOME USE(ABOSSEY OKAI),PRINCE,10882,0244767251,0
GH52135,VIMAXVI ENTERPRISE,LINDA,11029,0272334536,0
GH52140,GERABETT AUTO PARTS(ABOSSEY OKAI),BENY,10543,0243749114,0
GH52390,MUNI KAMARA ENT(ABOSSEY OKAI),BENY,10543,0542695694,0
GH52597,COSMOS ACKOM(ABOSSEY OKAI),PRINCE,10882,0243962435,0
GH53290,EVA MOTORS(ABOSSEY OKAI),BENY,10543,0266784916,0
GH57985,TK ENT(ABOSSEY OKAI),PRINCE,10882,0555591769,0
GH58971,ACCIENT OF DAYS,BENY,10543,0277155228,0
GH59213,FUSEINI (ABOSSEY OKAI),PRINCE,10882,0242281092,0
GH66666,KEYAFO ENT(ABOSSEY OKAI),PRINCE,10882,,0
GH68439,ADEPA GAZY(ABSOEEY OKAI),PRINCE,10882,0547486323,0
GH72351,FRANKEE (ABSOEEY OKAI),PRINCE,10882,0245904015,0
GH76523,LIFE IN STAGES(ABOSSEY OKAI),LINDA,11029,0244368452,0
GH92131,PRINCE SHOCKS(ABSOEEY OKAI),AMOAH HILDA,11006,0243861717,20000
GH92314,EVANS ODURU(ABOSSEY OKAI),PRINCE,10882,0557433337,0
GH94215,CAPTAIN GEORGE(ABOSSEY OKAI),BENY,10543,0244799880,0
GH95123,WRIGHT PADDYMON SPARES,BENY,10543,0242479830,0
GH98511,FRANK OSEI(ABOSSEY OKAI),PRINCE,10882,,0
GH98518,GIFTAPEN ENT TYRE(ABBOSEY OKAI),BENY,10543,0243080216,0
GH98519,BRIGHT TYRE(ABBOSEY OKAI),BENY,10543,0245750330,0
GH98520,JAKASCO ENT TYRE(ABBOSEY OKAI),BENY,10543,0268861665,0
GH98521,DANBOAG ENT TYRE(ABBOSEY OKAI),BENY,10543,0244616999,0
GH98523,BUBUU RAHKA ENT TYRE(ABBOSEY OKAI),PRINCE,10882,0245112448,0
GH98525,TELMAC-LINE VENTURES(ABBOSEY OKAI),BENY,10543,0244272200,0
GH98530,K.BOAKYE MOTORS,AMOAH HILDA,11006,0245105655,0
GH98532,WILLIAM GYAMFI(ABOSSEY OKAI),PRINCE,10882,0245031258,0
GH98534,NEW OKVEREKO ENT Tyre£® Abboseyokai£©,BENY,10543,0244834351,0
GH98536,YAA BOTWE TYRE(ABOSSEY OKAI),BENY,10543,0244589422,0
GH98537,LUKAKU MOTORS(ABOSSEY OKAI),PRINCE,10882,0542675097,0
GH98539,IKELIN MOTORS(ABBOSSEY OKAI),BENY,10543,0244663167,0
GH98541,RED VISION SERVICES(ABBOSSEY OKAI),BENY,10543,0246864632,0
GH98543,KWAME OFORI(ABOSSEY OKAI),AMOAH HILDA,11006,0542100101,0
GH98545,SOLOKOKO,BENY,10543,0244536894,0
GH98547,THE MASTERS (ABBOSSEY OKAI),BENY,10543,0550565524,0
GH98552,BISAME MOTORS(ABOSSEY OKAI),PRINCE,10882,0244308416,0
GH98553,LOGAMA GROUPS OF COMPANIES(ABOSSEY OKAI),AMOAH HILDA,11006,0548568800,0
GH98554,A.PAA WLILLIE ENT(ABOSSEY OKAI),AMOAH HILDA,11006,0244230463,0
GH98558,A.B.K RADIATORS(ABOSEY OKAI),BENY,10543,0556609043,0
GH98560,KOFI SARFO(ABOSSEY OKAI),PRINCE,10882,0243883972,0
GH98561,KAYZ B VENTRUES(ABOSSEY OKAI),PRINCE,10882,0243251301,20000
GH98562,K.MINTH ENT(ABESSEY OKAI),BOATEMAA ABIGAIL,10989,0541732199,0
GH98563,ASEDA BATTERIES NEW(ABESSY OKAI),BENY,10543,0277800700,0
GH98564,K.OFON (ABOSSEY OKAI),PRINCE,10882,0542100101,0
GH98567,DUAKUM BATTERIES (ABOSSEY OKAI),BENY,10543,0244696985,0
GH98568,BEZEK SHALOM(ABOSSEY OKAI),PRINCE,10882,0233245000,0
GH98569,NSAFOAH ENT(ABOSSEY OKAI),BENY,10543,0243227406,0
GH98572,DENCEL ENT(ABOSSEY OKAI),LINDA,11029,0559277019,0
GH98573,EMMAUEL STAR ENGINEEING(TARKWA),BENY,10543,0543567538,0
GH98575,BELIEVE IN GOD(ABOSSEY OKAI),PRINCE,10882,0543764310,0
GH98576,BENYEB ENT(ABOSSEY OKAI),BENY,10543,0207955880,0
GH98577,YAW G ENT(ABOSSEY OKAI),PRINCE,10882,233243000000,0
GH98580,BC BROTHERS LTD(ABBOSSEY OKAI),BENY,10543,0243639596,0
GH98584,KENZEL AUTO PARTS(ABOSSEY OKAI),BOATEMAA ABIGAIL,10989,0559679693,0
GH98585,NEWFLAME AUTO PRATS(ABOSSEY OKAI),BENY,10543,,0
GH98588,DORIKU BATTERY(ABOSSEY OKAI),BENY,10543,0270109383,0
GH98592,YAW BOTCHWAY(ABOSSEY ),PRINCE,10882,0248222734,0
GH98593,SASU JAY ENT(ABOSSEY OKAY),PRINCE,10882,0575575442,0
GH98597,JUFEL ENT(ABOSSEY OKAI),PRINCE,10882,0244107447,0
GH98599,D.B.ENT,LINDA,11029,0245708844,0
GH98600,R O BATTERY(ABOSSEY OKAI),BENY,10543,0557332083,0
GH98606,BUSH ENT(ABSOSSEY OKAI),AMOAH HILDA,11006,0277412645,0
GH98607,BRIGHT STAR MOTORS(ABOSSEY OKAI),BENY,10543,0559277019,0
GH98608,Begoro New Autopart,BENY,10543,0269675495,0
GH98609,BAMFO MOTORS(ABOSSEY OKAI),BENY,10543,0202185984,300000
GH98610,BEGORO NEW AUTOPARTS,BOATEMAA ABIGAIL,10989,0269675495,0
GH98612,ERNEST MOTORS(ABOSSEY OKAI),BENY,10543,0542677242,0
GH98613,PRAYTET AUTOPAT(ABOSSEY OKAI),AMOAH HILDA,11006,0241514938,0
GH98614,OWUSU AUTO(ABOSSEY OKAI),BENY,10543,0244368452,0
GH98615,PRAYTET AUTOPAT(ABOSSEY OKAI),BENY,10543,0241514938,0
GH98617,DAP MOTORS (Abossey Okai),LINDA,11029,0268010929,0
GH98619,EMMANUEL AZUMAH ENT(ABOSSEY OKAI),BENY,10543,,0
GH98624,REPLACEMENT KOBBY(ABOSSEY OKAI),LINDA,11029,0546941532,800000
GH98626,JOSEPH AUTO(ABOSSEY OKAI),BENY,10543,0540669647,0
GH98635,NIISCO AUTO,BENY,10543,0244294005,0
GH98642,K.B MOTORS(ABOSSEY OKAI),BENY,10543,0264376184,0
GH98645,BY HIS MERCY ENT(ABOSSEY OKAI),BENY,10543,0256489163,0
GH98650,RIT K ENT(ABOSSEY OKAI),AMOAH HILDA,11006,0246523257,0
GH98656,ADM MOTORS (ABOSSEY OKAI),PRINCE,10882,0243438221,0
GH98657,THY WILL ENT (ABOSSEY OKAI),BENY,10543,0571906252,0
GH98658,SANCIRO AUTO PARTS(ABOSSEY OKAI),LINDA,11029,0243856724,0
GH98660,BEST AUTO SOLUTION (ABOSSEY OKAI),PRINCE,10882,0559043029,0
GH98662,ABIDAS ENT(ABOSSEY OKAI),BENY,10543,0571785362,0
GH98663,RYAN LIBERTY,BENY,10543,0244953735,0
GH98666,DELPHINA AUTO PARTS (ABOSSEY OKAI),BENY,10543,0544614585,0
GH98667,NANA  NAAK VENTURES(ABOSSEY OKAI),BENY,10543,0264944441,50000
GH98668,DON MOTORS(ABOSSEY OKAI),BENY,10543,0265591075,0
GH98669,Bestway Auto parts(ABOSEY OKAI),BENY,10543,0548864588,0
GH98675,BISMARK & EVANS FOB,BENY,10543,0244060832,0
GH98677,BERIMA SNR AUTO PART(ABOSSEY OKAI),BENY,10543,0240981744,0
GH98682,KWAKU ADEE MOTORS,PRINCE,10882,,0
GH98685,MAGDA MOTOR(ABOSSEI OKAI),BENY,10543,0243561085,0
GH98687,KWAME ASANTE(ABOSSEY OKAI),BENY,10543,0558151914,0
GH98688,GENUINE MOTORS(ABOSSEY OKAI),BENY,10543,0275149912,0
GH98694,JITA CAF TRADING ENT.(ABOSSEY OKAI),BENY,10543,0243957911,0
GH98696,CASO ESPECIAL (Ãÿ ‚£©,BENY,10543,0244426483,0
GH98697,MAWUKO AUTOPARTS(ABOSSEY OKAI),PRINCE,10882,0244632343,0
GH98700,YAW APP MOTORS(ABOSSEY OKAI),BENY,10543,0545703203,0
GH98711,KINGS AUTO PART(ABOSSEY OKAI),BENY,10543,0546767142,0
GH98720,BOAHENE(ABOSSEY OKAI),PRINCE,10882,0249316060,0
GH98721,RIGHTEOUS ONE MOTORS(ABBOSEY OKAI),BENY,10543,0242971982,0
GH98722,YAHWEH(ABOSSEY OKAI),PRINCE,10882,0555236465,0
GH98724,PLUG ENT.(ABOSSEY OKAI),LINDA,11029,0537196896,0
GH98725,NIGERIA KINGS SHOP ENT(ABOSSEY OKAI),BENY,10543,0242176428,0
GH98726,AKONTA BOAFO MOTORS(ABOSSEY OKAI),PRINCE,10882,0531358428,0
GH98730,COBA ENT (ABOSSEY OKAI),BENY,10543,0594826533,0
GH98732,OSWALE ENTERPRISE (MAMBWBI),BENY,10543,,0
GH98733,REINDORF APPIAH(ABBOSEY OKAI),BENY,10543,0572999094,0
GH98735,SPYDA MOTORS (ABOSSEY OKAI),BENY,10543,0263459947,0
GH98736,K.NYAME  (ABOSSEY OKAI),BENY,10543,,0
GH98737,YESUTI(ABBOSEY OKAI),LINDA,11029,0241340186,0
GH98738,JOJO ENT(ABOSSEY OKAI),BENY,10543,,0
GH98739,EVANS VUKEY ENT(ABOSSEY OKAI),LINDA,11029,0242033489,0
GH98742,MR ANTWI (Abossey Okai),BENY,10543,0243282644,0
GH98746,Tawala Auto parts(ABOSSEY OKAI),BENY,10543,0548309414,0
GH98747,FATHER ONE AUTO(ABOSSEY OKAI),LINDA,11029,0244372788,0
GH98748,ADAMU ENT(ABOSSEY OKAI),BENY,10543,0599216795,0
GH98759,GRANDMA KENZEL(ABOSSEY OKAI),AMOAH HILDA,11006,,0
GH98761,KYEISIKA ENTERPRISE£®ABOSSEY OKAI£©,PRINCE,10882,0244299973,0
GH98763,MAMA THERESA ENT (ABOSSEY OKAI),LINDA,11029,0244223554,0
GH98765,PAA GRANT MOTORS(ABOSSEY OKAI),PRINCE,10882,0244826493,0
GH98770,PHISHERS CONSIGNMENT ACCOUNT,BOATEMAA ABIGAIL,10989,0245511506,0
GH98772,AKELE(ABOSSEY OKAI),BENY,10543,0246473377,0
GH98773,VEQS NYAME BEYE ENTERPRISE(ABOSSEY OKAI),BENY,10543,0244261273,0
GH98774,ABIO MOTORS(ABOSSEY OKAI),PRINCE,10882,0244918441,0
GH98779,P-KAY MOTORS(ABOSSEY OKAI),BENY,10543,0543889006,0
GH98780,BLOW MAN AUTO(ABOSSEY OKAI),BENY,10543,0247362740,0
GH98782,GOD IS GOOD AUTO (ABOSSAY OKAI),PRINCE,10882,0242074968,0
GH98785,JAYLEN MOTORS(ABOSSEY OKAI),BENY,10543,0549444930,0
GH98787,MAMA THERESA VENTURES(ABOSSEY OAKI),LINDA,11029,0244223554,0
GH98791,K.AUTO ENGINEERING ENT(ABOSSEY OKAI),AMOAH HILDA,11006,0264261586,80000
GH98792,FOB NIC'S AUTO SPARES (ABOSSEY OKAI),BOATEMAA ABIGAIL,10989,0249249249,0
GH98794,FOB XIANO AUTO PARTS (ABOSSEY OKAI),BOATEMAA ABIGAIL,10989,0243906665,0
GH98795,FOB BIG FRIENDS MOTORS (ABOSSEY OKAI),BOATEMAA ABIGAIL,10989,0244060832,0
GH98796,FOB AB ACHEMPIO MOTOS (ABOSSEY OKAI),BOATEMAA ABIGAIL,10989,0246435161,0
GH98807,K OFORI MOTORS,BENY,10543,0245001423,0
GH98808,SUNDA COMPANY LIMITED,BOATEMAA ABIGAIL,10989,0531047707,0
GH98811,IMANI MOTORS(ABOSSEY OAKI),AMOAH HILDA,11006,0550515217,0
GH98814,MAMA PEACE ENT(ABOSSEY OKAI),PRINCE,10882,0245990860,60000
GH98816,XIANO(CONSIGNMENT),BOATEMAA ABIGAIL,10989,0243906665,0
GH98818,XIANESS (ABOSSEY OKAI),LINDA,11029,0552918298,0
GH98821,AMOAH MOTORS(ABOSSEY OKAI),BENY,10543,0594001027,0
GH98826,A.A OSAFO(ABOSSEY OKAI),PRINCE,10882,0244695741,0
GH98827,OMNICUP VENTURE(ABOSSEY OKAI),BENY,10543,0268219001,0
GH98828,BIG DAP (ABOSSEY OKAI),LINDA,11029,0244651462,0
GH98829,NANA OSABERENA(ABOSSEY OKAI),LINDA,11029,,0
GH98832,DEFENDER MOTORS(ABOSSEY OKAI),BENY,10543,0243114356,0
GH98836,BOATENG MOTORS(ABOSSEY OKAI),BENY,10543,0245017975,0
GH98837,TAWIAH FAN CASE ENT(ABOSSEY OKAI),BENY,10543,0535411752,0
GH98838,BIRDMAN MOTORS(ABOSSEY OKAI),PRINCE,10882,0542966445,0
GH98840,EFO KWESI ENT (ABOSSEY OKAI),PRINCE,10882,0246701460,0
GH98842,NEW GEN BATTERY(ABOSSEY OKAI),BENY,10543,0535744822,0
GH98847,K.GYASI ENT(ABOSSEY OKAI),BENY,10543,0540738010,10000
GH98848,ISHMEL O TRADING ENTERPRISE,BENY,10543,0249136184,0
GH98849,ORIENTAC AUTO MAINTENAIVCE,BOATEMAA ABIGAIL,10989,0502485986,0
GH98852,KSP ENT(ABOSSEY OKAI),LINDA,11029,0264267222,20000
GH98853,GRACE OF GOD SPARE PARTS(ABOSSEY OKAI),PRINCE,10882,0242666862,0
GH98855,KWABENA BATTERY(ABOSSEY OKAI),LINDA,11029,0244935929,0
GH98857,DAN'S AUTO FREIGHT AND PARTS (ABOSSEY O,BENY,10543,0244588664,0
GH98858,SARFO MOTORS(ABOSSEY OKAI),AMOAH HILDA,11006,0279264735,0
GH98859,A.K ANTWI ENTERPRISE (ABOSSEY OKAI),LINDA,11029,0246968429,0
GH98861,KWAME BENITI(ABOSSEY OKAI),BOATEMAA ABIGAIL,10989,0024771309,200000
GH98864,PAT ENT(ABOSSEY OKAI),PRINCE,10882,0543275703,0
GH98866,PRINSACO ENT(ABOSSEY OKAI),PRINCE,10882,0553900344,0
GH98867,KORANTENG MOTORS£®ABBOSSY OKAI£©,BENY,10543,0243153026,0
GH98871,RAZAK'S MOTOR (ABOSSEY OKAI),PRINCE,10882,0244641633,0
GH98873,POLE TO POLE (ABOSSEY OKAI),LINDA,11033,0243589837,50000
GH98876,ANDREW'S AUTOMOTIVE SPOARE PARTS,PRINCE,10882,0558272149,0
GH98877,SPRING OUT VENTURES(ABOSSEY OKAI),PRINCE,10882,0244277702,0
GH98879,BENWUS MOTORS(ABOSSEY  OKAI),LINDA,11029,0245211132,0
GH98884,OSOFO MOTORS(ABOSSEY OKAI),LINDA,11029,0531312117,0
GH98885,KILO(ABOSSEY OKAI),AMOAH HILDA,11006,0244451549,0
GH98886,THE BLESSED MAN MOTORS(ABOSSEY OKAI),BENY,10543,0262234414,0
GH98887,ERIC TENKORANG ENTERPRISE(ABOSSEY OKAI),BENY,10543,0244953422,127000
GH98890,MILO'S ENT(ABOSSEY OKAI),LINDA,11029,0240442956,0
GH98893,SACK MOTORS(ABOSSEY OKAI),PRINCE,10882,0241094553,0
GH98896,UNCLE EBO (ABOSSEY OKAI),PRINCE,10882,,0
GH98898,GLADAN ENT(ABOSSEY OKAI),LINDA,11029,0246822659,0
GH98899,IBRAHIM MOTOR (SPINTEX),LINDA,11029,0244299777,0
GH98900,MASTER TEE MOTORS(ATIKO JUNCTION),BENY,10543,0243350565,0
GH98904,DIGINUE AUTO(ABOSSEY OKAI),BENY,10543,0260664036,1500000
GH98905,GEORGEWU'S ENT(ABOSSEY OKAI),LINDA,11029,0249647508,0
GH98912,OSMO ENT(ABOSSEY OKAI),PRINCE,10882,0543555014,0
GH98913,TOBA LIMITED(ABOSSEY OKAI),PRINCE,10882,0244452571,0
GH98914,FRANPOKU ENT(ABOSSEY OKAI),LINDA,11029,0243116649,0
GH98916,PH PATMOND ENTEPRISE (ABOSSEY OKAI),BENY,10543,0247875812,0
GH98919,ROYAL MAN IGNITION (ABOSSEY OKAI),BENY,10543,0243940820,0
GH98923,ASANTE OFORI ENT (ABOSSEY OKAI),LINDA,11029,0542100101,0
GH98924,YAA AND KWAKU(ABOSSEY OKAI),LINDA,11029,0243937783,0
GH98925,DONT GIVE UP MOTORS(ABOSSEY OKAI),PRINCE,10882,0542804122,0
GH98929,MIGHTY MOTORS (ABOSSEY OKAI),LINDA,11029,0538074433,0
GH98930,GOOD FAITH (ABOSSEY OKAI),BENY,10543,0059968663,0
GH98933,KWASI KOREA ENT (ABOSSEY OKAI),BENY,10543,0548330211,0
GH98934,AFFRAM MOTORS (ABOSSEY OKAI),LINDA,11029,0593129982,0
GH98936,SONAP MOTORS(ABOSSEY OKAI),AMOAH HILDA,11006,0257886454,0
GH98937,KINGBROK ENTERPRISE (ABOSSEY OKAI),PRINCE,10882,0244379533,0
GH98941,ASTRO ENT£®ABOSSEY OKAI),AMOAH HILDA,11006,0540651613,0
GH98943,YOUNG FREEDOM MOTORS (ABOSSEY OKAI),LINDA,11029,0573037314,0
GH98947,W.O.AKWA ENTERPRISE(ABOSSEYOKAI),AMOAH HILDA,11006,0243022496,0
GH98950,MUNSORO BATTERY (ABOSSEY OKAI),PRINCE,10882,0264224433,0
GH98952,THOMAS HOUSE ENTERPRISE (ABOSSEY OKAI),LINDA,11029,0244203360,0
GH98957,JULIE ENTERPRISE (ABOSSEY OKAI),BENY,10543,0558588914,0
GH98959,ISAAC (ABOSSEY OKAI),LINDA,11029,0243497045,0
GH98962,FRONT PAGE AUTO PARTS (ABOSSEY OKAI),AMOAH HILDA,11006,,0
GH98963,AGYA BOATENG AUTO PARTS (ABOSSEY OKAI),AMOAH HILDA,11006,0543717315,0
GH98964,K.DWAMENA ENT(ABOSSEY OKAI),PRINCE,10882,0244729122,0
GH98965,AGYENKWA MOTORS (ABOSSEY OKAI),LINDA,11029,0556716652,0
GH98966,PEACEFUL AUTO PARTS (ABOSSEY OKAI),LINDA,11029,0261694122,0
GH98967,GENESS MOTORS(ABOSSEY OKAI),PRINCE,10882,0240469821,0
GH98970,OSOFO DANIEL MOTORS(ABOSSEY OKAI),LINDA,11029,0244067336,0
GH98973,DAY BY DAY AUTO PARTS (ABOSSEY OKAI),LINDA,11029,0550717290,0
GH98976,WOFA K MOTORS (ABOSSEY OKAI),LINDA,11029,0548554899,0
GH98977,THE GREAT (ABOSSEY OKAI),LINDA,11029,0539361645,0
GH98978,P.K ABOAKYE MOTORS (ABOSSEY OKAI),BENY,10543,0243462664,0
GH98979,ONE AND HALF(ABOSSEY OKAI),BENY,10543,0247936895,0
GH98980,ASANTEWAA (ABOSSEY OKAI),PRINCE,10882,0208424714,0
GH98981,ERD GLOBAL (ABOSSEY OKAI),LINDA,11029,0551026810,0
GH98982,NANA AKOMEAH AUTO PARTS(ABOSSEY OKAI),AMOAH HILDA,11006,0243765107,0
GH98986,WO NA WO FON VENTURES (ABOSSEY OKAI),LINDA,11029,,0
GH98989,ASANTE AUTO PARTS (ABOSSEY OKAI),AMOAH HILDA,11006,0596783410,0
GH98991,NANA AWUKU ENT (ABOSSEY OKAI),LINDA,11029,0541911154,0
GH98994,DREAM BIG AUTO PART(ABOSSEY OKAI),PRINCE,10882,0278138858,0
GH98995,SISTER B (ABOSSEY OKAI),PRINCE,10882,0257582610,0
GH98996,ACKAH MOTORS (ABOSSEY OKAI),PRINCE,10882,0538376015,0
GH98999,MONI MOTORS (ABOSSEY OKAI),LINDA,11029,0551716480,0
GH99003,UDELO AUTO PLACE (ABOSSEY OKAI),LINDA,11029,0264238419,0
GH99004,CHARLES MOTORS(ABOSSEY OKAI),BENY,10543,0244756433,0
GH99007,BIG CHANCE AUTO PARTS(ABOSSEY OKAI),BENY,10543,0241705419,0
GH99008,MASPIAMORIS TRADING ENT (ABOSSEY OKAI),LINDA,11029,,0
GH99009,NANS KOFI VENTURES(KANESHIE),LINDA,11029,0277154482,0
GH99014,SISTER ATAA BATTERIES (ABOSSEY OKAI),LINDA,11029,0243513584,0
GH99016,BENZ CITY CHAIRMAN (ABOSSEY OKAI),BENY,10543,0553432279,0
GH99020,AYE AWURADE MOTORS (ABOSSEY OKAI),LINDA,11029,0544944448,0
GH99021,K.K.T(ABOSSEY OKAI),BOATEMAA ABIGAIL,10989,0248311102,0
GH99024,DIVINE ERIC MOTORS (ABOSSEY OKAI),PRINCE,10882,0598311806,0
GH99027,ADOM BI NTI (ABOSSEY OKAI),LINDA,11029,0050597450,0
GH99028,JOSEPH LIFE MOTORS (ABOSSEY OKAI),PRINCE,10882,0243011818,0
GH99029,SK PAK (ABOSSEY OKAI),LINDA,11029,0592863830,0
GH99032,NIGERIAN HOME USE (ABOSSEY OKAI),LINDA,11029,0263854031,0
GH99036,ABRAHAM NETTEY (ABOSSEY OKAI),BENY,10543,0579416581,0
GH99043,JAGUAR ENTERPRISE (ABOSSEY OKAI),LINDA,11029,0542530905,0
GH99052,DEBSON 2526 ENT (ABOSSY OKAI),BENY,10543,0555596248,0
GH99069,COOLANT MAN (ABOSSEY OKAI),BENY,10543,,0
GH99072,RALPH MOTORS (ABOSSEY OKAI),PRINCE,10882,0244262044,0
GH99082,ANIM SHOCKS (ABOSSEY OKAI),AMOAH HILDA,11006,0596600642,0
GH99084,ADOMAKO-AGYENKWA ENT (ABOSSEY OKAI),BENY,10543,0246979855,0
GH99087,OMANBA PA VENTURES(ABOSSEY OKAI),BENY,10543,0244094630,0
GH99088,COLLINS VENTURE(ABOSSEY OKAI),LINDA,11029,0556804090,0
GH99089,ZACK ENTERPRISE (ABOSSEY OKAI),BENY,10543,0553217792,0
GH99091,LEGIT AUTO PARTS(ABOSSEY OKAI),BENY,10543,0542685986,0
GH99092,OSIS K ENT (KWABENYA),BENY,10543,0207928125,0
GH99102,DREAM GOLD (ABOSSEY OKAI),AMOAH HILDA,11006,0277600500,0
GH99111,TINKO MOTORS (ABOSSEY OKAI),LINDA,11029,0275215932,0
GH99116,NYARKS'S AUTO PARTS(ABOSSEY OKAI),BENY,10543,0577666566,0
GH99126,LAMP MOTORS (ABOSSEY OKAI),PRINCE,10882,0246221887,0
GH99128,OKUCASH AUTO (KUMASI),BOATEMAA ABIGAIL,10989,0243478550,0
GH99133,MARK ANDY (SUYANI),LINDA,11029,0245115173,0
GH99139,KOFDOYAS ENT BATTERY(ABOSSEY OKAI),BENY,10543,0242234874,0
GH99141,FREE 14 VENTURES (ABOSSEY OKAI),BOATEMAA ABIGAIL,10989,0244929670,0
GH99142,LIFE TIME COMPANY (ABOSSEY OKAI),BOATEMAA ABIGAIL,10989,0244888267,0
GH99149,NEW DAY AUTO PARTS (ABOSSEY OKAI),BENY,10543,0207706699,0
GH99150,M.B OFORI SPRINTER (ABOSSEY OKAI),BENY,10543,0245689059,0
GH99159,AGYEKAY  AUTOPARTS (ABOSSEY OKAI),AMOAH HILDA,11006,0241563727,0
GH99160,NAKUS KAY VENTURES (ABOSSEY OKAI),PRINCE,10882,0532467896,0
GH99164,BIG FREDDY AUTO PARTS,PRINCE,10882,0547925000,0
GH99165,KAE NYAME AUTO ELECTRICALS (SUHUM),PRINCE,10882,0249911091,0
GH99166,BLESSED ASSURANCE MOTORS (ABOSSEY OKAI),BENY,10543,0549665669,0
GH99167,OSCARMAN MOTORS TRADING (ABOSSEY OKAI),PRINCE,10882,0240403805,0
GH99169,CEEMIKUS ENT (ABOSSEY OKAI),BENY,10543,0208118602,0
GH99170,PL.AUTO PARTS (ABOSSEY OKAI),BENY,10543,0244697905,0
GH99172,NO.9 NO.10 MOTORS (ABOSSEY OKAI),BENY,10543,0545947046,0
GH99174,KING DAVID AUTO PARTS (ABOSSEY OKAI),AMOAH HILDA,11006,0272963022,0
GH99176,PC OTENG (ABOSSEY OKAI),BENY,10543,0244503994,0
GH99177,DAVID AMOAKO BATTERY (AACRA),PRINCE,10882,0256361924,0
GH99178,CHARLES AKUOKO ENT (ABOSSEY OKAI),BENY,10543,0244694561,0
GH99187,BEIDU FRIMPONG ENTERPRICE(ABOSSEY OKAI),BENY,10543,0544001153,0
GH99189,PILATO AUTO (ABOSSEY OKAI),AMOAH HILDA,11006,0599725903,0
GH99199,KHASIC AUTO (KOKOMPE),BOATEMAA ABIGAIL,10989,0246319237,0
GH99204,GOD BLESS ENT.(ABOSSEY OKAI),PRINCE,10882,0548300485,0
GH99206,HEERA LOGISTICS LTD (TEMA COMMUNITY 11),BOATEMAA ABIGAIL,10989,0553803400,0
GH99208,PRINX-DUBERK ENTERPRICE(ABOSSEY OKAI),PRINCE,10882,0245059570,0
GH99214,DEOPPONICK ENTERPRISE(ABOSSEY OKAI),PRINCE,10882,0244517394,0
GH99215,BRIGHT KINGS (ABOSSEY OKAI),BOATEMAA ABIGAIL,10989,0245612675,0
GH99217,ASIAMAH KWAME(ABOOSEY OKAI),PRINCE,10882,0548191344,0
GH99220,SAMIT AUTOSOFT ENT (ABOSSEY OKAI),BENY,10543,0209126046,0
GH99222,JK BROWN ENTERPRISE (ABOSSEY OKAI),PRINCE,10882,0277827140,0
GH99227,MARIAM ENT(ABOSSEY OKAI),BOATEMAA ABIGAIL,10989,0594021234,0
GH99228,JUPEE MOTORS(ABOSSEY OKAI),BOATEMAA ABIGAIL,10989,0242588191,0
GH99233,ARHINOUS VENTURES (ABOSSEY OKAI),PRINCE,10882,0246110211,0
GH99234,DMK MOTORS(KOKOMLEMLE),BOATEMAA ABIGAIL,10989,0247151063,0
GH99236,BIG RED MOTORS (ABOSSEY OKAI),BENY,10543,0243849583,0
GH99238,MERCY MANU (KOTOBABI),AMOAH HILDA,11006,0546394318,0
GH99241,POWER HOUSE MOTORS(ABOSSEY OKAI),BOATEMAA ABIGAIL,10989,0240275306,0
GH99242,DINO MOTORS(ABOSSEY OKAI),LINDA,11029,0262864110,0
GH99247,WIAFE ENT (ABOSSEY OKAI),BENY,10543,0545715388,0
GH99251,OSEI HOME OF CAR PARTS (ABOSSEY OKAI),AMOAH HILDA,11006,0246624599,0
GH99253,KUMARANS BUSSINESS ENT(AMASAMAN),PRINCE,10882,2435211571,0
GH99254,WILLIAM ASIEDU MOTORS(ABOSSEY OKAI),PRINCE,10882,0244640113,0
GH99256,ALHAJI MUKHSIN A.KADIR ENT(ABOSSEY OKAI),BOATEMAA ABIGAIL,10989,0554426864,0
GH99257,PAA GRANT (ABOSSEY OKAI),PRINCE,10882,0244826493,0
GH99262,FA ADAMFO PA ENTERPRISE(ABOSSEY OKAI),BOATEMAA ABIGAIL,10989,0578879555,0
GH99265,GREEN AUTO PARTS (SHAI HILLS),BOATEMAA ABIGAIL,10989,0540610969,0
GH99266,GOD IS KING (ABOSSEY OKAI),AMOAH HILDA,11006,0241801137,0
GH99268,ZIP AUTO SARL (TOGO LOME),BOATEMAA ABIGAIL,10989,,0
GH99269,HOME OF SPARE PARTS (VOLTA RIGION),PRINCE,10882,0241362575,0
GH99272,NAKWES ENTERPRISE(ABOSSEY OKAI),PRINCE,10882,0540919383,0
GH99273,NAKWES ENTERPRISE (ABOSSEY OKAI),PRINCE,10882,0540919383,0
GH99274,SHOCK ABSORBER HOUSE (ABOSSEY OKAI),BENY,10543,0208112695,0
GH99276,T.T AUTO ENT (VOLTA REGION),PRINCE,10550,0249638182,0
GH99279,CJ MOTORS (ABOSSEY OKAI),AMOAH HILDA,11006,0541691523,0
GH99281,JHA YSPLASH MOTORS (ABOSSEY OKAI),BENY,10543,0532877742,0
GH99282,KADEL AUTO PARTS(ABOSSEY OKAI),BOATEMAA ABIGAIL,10989,0546366662,0
GH99286,FREEMAN ENTERPRISE (ABOSSEY OKAI),PRINCE,10882,0245142732,0
GH99287,KAREEM ENTERPRISE (ABOSSEY OKAI),PRINCE,10882,0271336924,0
GH99289,HEROES WAY ENTERPRISE (ABOSSEY OKAI),BOATEMAA ABIGAIL,10989,0244684969,0
gh10678,NYAME TEASE£®ABOSSEY OKAI£©,PRINCE,10882,055815914,0
GH10000,NEW CUSTOMER,PRINCE,10882,,0
GH10000,NEW CUSTOMER,AMOAH HILDA,11006,,0
GH10000,NEW CUSTOMER,BENY,10543,,0
GH10000,NEW CUSTOMER,LINDA,11029,,0
GH19999,OTHER,PRINCE,10882,,
GH19999,OTHER,AMOAH HILDA,11006,,
GH19999,OTHER,BENY,10543,,
GH19999,OTHER,LINDA,11029,,
GH99300,NYAME TUMI SO (ANOSSEY OKAI),LINDA,11029,0245842025,0
